Date,Portfolio Equity
2022-03-29,100.0
2022-03-30,100.0
2022-03-31,100.0
2022-04-01,100.0
2022-04-04,100.0
2022-04-05,100.0
2022-04-06,100.0
2022-04-07,100.0
2022-04-08,100.0
2022-04-11,100.0
2022-04-12,100.0
2022-04-13,100.0
2022-04-14,100.0
2022-04-18,100.0
2022-04-19,100.0
2022-04-20,100.0
2022-04-21,100.0
2022-04-22,100.0
2022-04-25,100.0
2022-04-26,100.0
2022-04-27,100.0
2022-04-28,99.35098757747718
2022-04-29,100.21192373273222
2022-05-02,101.2090453661156
2022-05-03,102.13720980817395
2022-05-04,102.25049737956633
2022-05-05,103.98700244415791
2022-05-06,105.26119086942869
2022-05-09,106.4481926113419
2022-05-10,107.2502952423667
2022-05-11,108.85591221502636
2022-05-12,107.48126716750328
2022-05-13,107.42183734813744
2022-05-16,107.10257165720395
2022-05-17,107.6962207786501
2022-05-18,108.1936054092292
2022-05-19,107.8324784465771
2022-05-20,107.64562257168413
2022-05-23,109.38871229279752
2022-05-24,109.9065244678776
2022-05-25,110.55320883804747
2022-05-26,110.71319113192928
2022-05-27,110.8595599349086
2022-05-31,110.05194746882955
2022-06-01,110.18214677296271
2022-06-02,111.06357062049635
2022-06-03,111.02272101465624
2022-06-06,111.02272101465624
2022-06-07,111.02272101465624
2022-06-08,111.02272101465624
2022-06-09,111.02272101465624
2022-06-10,111.02272101465624
2022-06-13,111.15875900234315
2022-06-14,110.98632282504128
2022-06-15,112.60608998700411
2022-06-16,113.9668886487602
2022-06-17,115.36506601271132
2022-06-21,116.33658334695892
2022-06-22,116.03669473114645
2022-06-23,114.81073823294969
2022-06-24,116.13999009731324
2022-06-27,115.78233206185332
2022-06-28,117.09866782136422
2022-06-29,117.06136070556873
2022-06-30,117.90367262274617
2022-07-01,118.28135661666525
2022-07-05,118.80184151546203
2022-07-06,118.75351717237186
2022-07-07,119.61559038457125
2022-07-08,118.83283463888984
2022-07-11,117.83036463355037
2022-07-12,117.67930159148594
2022-07-13,117.88343719664442
2022-07-14,116.17223777841669
2022-07-15,119.58416580980308
2022-07-18,121.31270406889368
2022-07-19,122.40733508561286
2022-07-20,122.70698345703732
2022-07-21,122.67564849119277
2022-07-22,123.20702814201886
2022-07-25,123.09155672387561
2022-07-26,122.8938666188663
2022-07-27,125.03696471561601
2022-07-28,124.6765167595524
2022-07-29,124.6983593319369
2022-08-01,124.50497546314219
2022-08-02,124.89908915309572
2022-08-03,124.84218920192747
2022-08-04,123.61003650286166
2022-08-05,124.14964328456767
2022-08-08,124.19954208733895
2022-08-09,125.02968863898178
2022-08-10,125.5575234277002
2022-08-11,125.52191342978693
2022-08-12,125.78150042644309
2022-08-15,125.48788039204543
2022-08-16,127.33971738268811
2022-08-17,127.27364513021465
2022-08-18,127.10047330958044
2022-08-19,127.23078304192873
2022-08-22,126.85073763719973
2022-08-23,126.40863760601647
2022-08-24,126.35212998013975
2022-08-25,126.00723630071116
2022-08-26,125.6845001114857
2022-08-29,125.7538947277574
2022-08-30,125.3513829341893
2022-08-31,124.7643075637577
2022-09-01,125.88688132682451
2022-09-02,126.02308991436979
2022-09-06,126.45287320016308
2022-09-07,127.16426965450054
2022-09-08,126.09893521717748
2022-09-09,125.39265730031191
2022-09-12,124.37696664957184
2022-09-13,123.0923455066161
2022-09-14,122.79820690831934
2022-09-15,120.4105050294997
2022-09-16,122.42413451518865
2022-09-19,122.85061834534898
2022-09-20,123.07597955977124
2022-09-21,124.23663468719903
2022-09-22,125.89882294942879
2022-09-23,128.80257205468757
2022-09-26,128.66288368710863
2022-09-27,128.66463145183968
2022-09-28,128.2592326401594
2022-09-29,129.35408045046688
2022-09-30,129.6320652015919
2022-10-03,129.4584974619103
2022-10-04,129.70473403051727
2022-10-05,130.42039755964208
2022-10-06,130.6959746808526
2022-10-07,131.00226872803194
2022-10-10,130.99393490539
2022-10-11,131.3228964914986
2022-10-12,131.92615090871087
2022-10-13,133.54826360366516
2022-10-14,133.51463441094285
2022-10-17,133.51463441094285
2022-10-18,132.9689673864477
2022-10-19,133.5001540006784
2022-10-20,132.71483350912214
2022-10-21,131.02672139121375
2022-10-24,132.22167756578676
2022-10-25,134.36118383459743
2022-10-26,134.95818612342697
2022-10-27,134.69322405963734
2022-10-28,136.21335201796262
2022-10-31,136.06554783688412
2022-11-01,134.92282839830563
2022-11-02,132.0735349245217
2022-11-03,129.8167844235106
2022-11-04,127.21518365388144
2022-11-07,128.7650477691247
2022-11-08,129.20778941585598
2022-11-09,129.16072729775345
2022-11-10,133.74072249964706
2022-11-11,134.25580816661807
2022-11-14,134.20039987615667
2022-11-15,135.65213661419406
2022-11-16,136.10596089180422
2022-11-17,136.26889591340074
2022-11-18,136.17647835413075
2022-11-21,135.9762098078204
2022-11-22,136.76431543038774
2022-11-23,135.83640341748523
2022-11-25,136.46366605224858
2022-11-28,136.49923737195854
2022-11-29,134.90205991310813
2022-11-30,136.58340214264533
2022-12-01,137.86115022532678
2022-12-02,138.1280760449979
2022-12-05,136.60480708323882
2022-12-06,136.93299833945582
2022-12-07,135.4360900615216
2022-12-08,134.7114083913944
2022-12-09,135.45114213332738
2022-12-12,134.9864668288264
2022-12-13,133.8958493708056
2022-12-14,133.52516381560574
2022-12-15,134.1139816508326
2022-12-16,134.14029817623845
2022-12-19,135.5630833273013
2022-12-20,135.00385989042238
2022-12-21,134.52887361194453
2022-12-22,134.85919354398067
2022-12-23,134.60589201797245
2022-12-27,134.12852746915055
2022-12-28,135.10665610586165
2022-12-29,134.4625147886751
2022-12-30,134.9289113971093
2023-01-03,135.38180770574004
2023-01-04,135.67585954822198
2023-01-05,136.1875855782071
2023-01-06,134.9139635461163
2023-01-09,134.11272578642888
2023-01-10,134.7545109904704
2023-01-11,132.87563592260665
2023-01-12,132.9803929822796
2023-01-13,134.7036492313888
2023-01-17,135.1333336519789
2023-01-18,135.05431600829627
2023-01-19,136.74602998757305
2023-01-20,136.24751756067874
2023-01-23,136.25855532989047
2023-01-24,136.18817858327827
2023-01-25,136.0291205039024
2023-01-26,137.47376026636778
2023-01-27,139.81470281973463
2023-01-30,139.79610388000617
2023-01-31,139.83863151242963
2023-02-01,139.61026017766304
2023-02-02,139.66015671097796
2023-02-03,140.1777752939916
2023-02-06,140.53843416422245
2023-02-07,140.70372394441216
2023-02-08,140.6628683018737
2023-02-09,140.6628683018737
2023-02-10,140.6628683018737
2023-02-13,140.6628683018737
2023-02-14,140.6628683018737
2023-02-15,140.6628683018737
2023-02-16,140.6628683018737
2023-02-17,140.6628683018737
2023-02-21,140.6628683018737
2023-02-22,140.98971552998833
2023-02-23,141.21380902828423
2023-02-24,140.23308619673554
2023-02-27,139.73468172833157
2023-02-28,141.6452239077174
2023-03-01,140.57404550890402
2023-03-02,142.80018846118946
2023-03-03,142.35871414980244
2023-03-06,143.74242604674984
2023-03-07,145.9675637383006
2023-03-08,147.88912577566816
2023-03-09,149.9885042492914
2023-03-10,153.17426638192717
2023-03-13,152.7395438764444
2023-03-14,152.96676904346248
2023-03-15,151.5431140293859
2023-03-16,152.06799701177772
2023-03-17,150.65783797830133
2023-03-20,150.74548482107457
2023-03-21,151.86543915658618
2023-03-22,151.10621398448149
2023-03-23,150.40587291000912
2023-03-24,149.85681927197925
2023-03-27,151.57037620636743
2023-03-28,151.77544857633058
2023-03-29,151.65337473149188
2023-03-30,151.10452606423783
2023-03-31,149.72627467438843
2023-04-03,148.63053821528644
2023-04-04,147.80118167254196
2023-04-05,148.45417733068192
2023-04-06,149.77006945514893
2023-04-10,150.19552987445547
2023-04-11,150.34906366458426
2023-04-12,150.58450914525338
2023-04-13,149.94726788147887
2023-04-14,152.39483650623413
2023-04-17,153.20975837936658
2023-04-18,153.13147185447417
2023-04-19,153.30453403139333
2023-04-20,152.6792328166437
2023-04-21,152.10654732111948
2023-04-24,152.27709890089193
2023-04-25,152.2672716259684
2023-04-26,152.27333069496748
2023-04-27,151.78131740702875
2023-04-28,151.12470639508638
2023-05-01,151.52986964643802
2023-05-02,149.3981769895649
2023-05-03,149.23581312394737
2023-05-04,147.89762065045116
2023-05-05,148.75836634865303
2023-05-08,149.40079924789944
2023-05-09,150.02026243060317
2023-05-10,149.60685903907265
2023-05-11,149.6973640207555
2023-05-12,149.51784139339946
2023-05-15,151.07410549082886
2023-05-16,151.0069683894816
2023-05-17,150.20871944300373
2023-05-18,149.3763067691063
2023-05-19,150.81518009318356
2023-05-22,150.26011912741552
2023-05-23,150.19834826284443
2023-05-24,150.53850652694513
2023-05-25,150.61592513003504
2023-05-26,150.21959139867027
2023-05-30,150.53733053963228
2023-05-31,150.89275228717582
2023-06-01,151.65173340131636
2023-06-02,151.5613137655688
2023-06-05,151.5613137655688
2023-06-06,151.5613137655688
2023-06-07,151.5613137655688
2023-06-08,151.5613137655688
2023-06-09,151.53036347709028
2023-06-12,151.9963695425048
2023-06-13,151.2092164033041
2023-06-14,151.36993580347772
2023-06-15,151.39054065197405
2023-06-16,151.82745960409738
2023-06-20,151.60610223218313
2023-06-21,151.80538339352944
2023-06-22,151.98183034876052
2023-06-23,151.820324945025
2023-06-26,150.48405631366134
2023-06-27,149.80586551747686
2023-06-28,150.75467137679254
2023-06-29,153.2377802996394
2023-06-30,152.45451829084178
2023-07-03,153.85255907938102
2023-07-05,152.85611648911765
2023-07-06,153.17276429921634
2023-07-07,153.34316257026515
2023-07-10,152.4652768005293
2023-07-11,152.56302889386734
2023-07-12,152.7373158076684
2023-07-13,153.44161307518968
2023-07-14,152.85298310153698
2023-07-17,153.04682989882056
2023-07-18,154.25160507850978
2023-07-19,154.1946693975927
2023-07-20,154.71070833730732
2023-07-21,155.9732633609874
2023-07-24,155.50920372125495
2023-07-25,156.15662340840794
2023-07-26,154.66019966980696
2023-07-27,155.54887303274597
2023-07-28,156.41300799487507
2023-07-31,156.92516980077457
2023-08-01,157.42108841235478
2023-08-02,157.5466863027375
2023-08-03,157.4823364685589
2023-08-04,157.6194686558222
2023-08-07,157.85063398253828
2023-08-08,157.71355508865906
2023-08-09,158.40693873158116
2023-08-10,158.62517717006492
2023-08-11,158.34407855724697
2023-08-14,158.86083697754978
2023-08-15,158.43344461377427
2023-08-16,157.3226618555497
2023-08-17,158.75827782031038
2023-08-18,158.42358446970454
2023-08-21,158.876857834046
2023-08-22,157.57595844831056
2023-08-23,157.51304120837565
2023-08-24,158.54181168665588
2023-08-25,158.15997998106212
2023-08-28,159.25097482456528
2023-08-29,158.77218104058338
2023-08-30,156.34162058623266
2023-08-31,155.88049215386184
2023-09-01,155.35582949420822
2023-09-05,156.4113160253085
2023-09-06,155.8301153035489
2023-09-07,153.67400364555334
2023-09-08,155.38901481812348
2023-09-11,155.78163359403553
2023-09-12,159.32753265613155
2023-09-13,159.78195370202238
2023-09-14,160.23743733528826
2023-09-15,162.41056417433614
2023-09-18,163.08575270978986
2023-09-19,163.51696823970502
2023-09-20,163.5672704529135
2023-09-21,163.20736436916417
2023-09-22,162.87403901882567
2023-09-25,162.12500620653196
2023-09-26,162.36537231304595
2023-09-27,162.2815757473724
2023-09-28,162.18498147583958
2023-09-29,162.38062894451144
2023-10-02,162.89607501962843
2023-10-03,163.07367283423807
2023-10-04,163.3804653208604
2023-10-05,164.0350382196437
2023-10-06,163.74439208166393
2023-10-09,164.28627059051274
2023-10-10,164.19086402139044
2023-10-11,164.19086402139044
2023-10-12,164.19086402139044
2023-10-13,164.19086402139044
2023-10-16,164.02774271828866
2023-10-17,163.7378884957845
2023-10-18,163.28232117211286
2023-10-19,163.04218505386044
2023-10-20,164.43707734037255
2023-10-23,165.1804309498964
2023-10-24,165.11936052843197
2023-10-25,165.22670775664503
2023-10-26,163.66192833514287
2023-10-27,165.30658489040914
2023-10-30,166.02235404023116
2023-10-31,166.48895845262194
2023-11-01,166.06259725941106
2023-11-02,164.78309645067242
2023-11-03,163.89018243674053
2023-11-06,164.1710883962386
2023-11-07,164.8870907301378
2023-11-08,165.4670625433754
2023-11-09,165.24342578207126
2023-11-10,165.70939731249956
2023-11-13,165.59765252370772
2023-11-14,167.21344268195418
2023-11-15,167.0825592807085
2023-11-16,166.68896075391896
2023-11-17,166.5044632351342
2023-11-20,167.9371564031821
2023-11-21,167.17578149751728
2023-11-22,167.1966704191027
2023-11-24,167.68110271559766
2023-11-27,167.1067922189555
2023-11-28,167.68942208273637
2023-11-29,166.61396246795385
2023-11-30,165.3813317355819
2023-12-01,166.50022491942315
2023-12-04,166.79896149706525
2023-12-05,167.04188019376525
2023-12-06,168.0623664835034
2023-12-07,167.30205096447372
2023-12-08,166.42880474384972
2023-12-11,166.79478952083682
2023-12-12,166.828584561811
2023-12-13,166.77782660270685
2023-12-14,166.2538561924672
2023-12-15,166.17395695136236
2023-12-18,166.10744463760432
2023-12-19,165.62662111744487
2023-12-20,165.69171329768884
2023-12-21,166.02682969594747
2023-12-22,165.9856577317504
2023-12-26,165.40988811412973
2023-12-27,165.34236905970516
2023-12-28,165.21655300202994
2023-12-29,165.420788774007
