Pair,Predicted_Probability
AAPL-MSFT,0.281989461011733
CVX-PEP,0.25045971822323965
CVX-MSFT,0.24803890546361418
LOW-MA,0.24664582732535842
CVX-V,0.24479256519625808
LOW-V,0.24354404284894554
MA-V,0.23781931288432584
CVX-GOOGL,0.2374808490484125
LOW-MSFT,0.23288291792890428
CVX-MA,0.23236801867962414
CVX-JPM,0.23217515386896873
CVX-GS,0.2285207176653788
DIS-XOM,0.21867993290429352
HD-MA,0.21731262034576715
JPM-V,0.2164942521805194
JPM-MA,0.2159957309286134
HD-WFC,0.2134329259775284
META-NVDA,0.21123983536785082
CVX-META,0.20927997182947708
NFLX-NVDA,0.20735067370109933
CVX-WFC,0.2027128404148236
MA-NVDA,0.1920743137879845
JPM-NFLX,0.1898750037172148
LOW-WFC,0.18648564644853424
HD-MSFT,0.18648156509645883
HD-META,0.18517096032972377
HD-KO,0.1845859913690444
HD-V,0.18257315428686116
HD-JPM,0.1767991994539162
MA-NFLX,0.17352884976870478
HD-NVDA,0.1722545133136255
AAPL-NVDA,0.15825785865251585
MA-META,0.15684239750839224
GS-HD,0.15561481727908982
HD-NFLX,0.1528242293862052
CVX-NVDA,0.14357395170267423
LOW-NVDA,0.1333279073692363
HD-PEP,0.12600206031587113
NFLX-V,0.11833855972391251
LOW-NFLX,0.10123138672094652
META-MSFT,0.06635480435673878
